"","datetime","u100","closest_lon","closest_lat"
"1",2024-01-01,16.3888244628906,-7.25,51
"2",2024-01-01 01:00:00,15.4652709960938,-7.25,51
"3",2024-01-01 02:00:00,14.6866607666016,-7.25,51
"4",2024-01-01 03:00:00,13.9080200195312,-7.25,51
"5",2024-01-01 04:00:00,12.6926574707031,-7.25,51
"6",2024-01-01 05:00:00,11.2784576416016,-7.25,51
"7",2024-01-01 06:00:00,10.5114440917969,-7.25,51
"8",2024-01-01 07:00:00,8.59902954101562,-7.25,51
"9",2024-01-01 08:00:00,6.02503967285156,-7.25,51
"10",2024-01-01 09:00:00,3.26754760742188,-7.25,51
"11",2024-01-01 10:00:00,-0.0765838623046875,-7.25,51
"12",2024-01-01 11:00:00,-2.23745727539062,-7.25,51
"13",2024-01-01 12:00:00,4.40037536621094,-7.25,51
"14",2024-01-01 13:00:00,6.63958740234375,-7.25,51
"15",2024-01-01 14:00:00,5.98320007324219,-7.25,51
"16",2024-01-01 15:00:00,6.90730285644531,-7.25,51
"17",2024-01-01 16:00:00,11.2820739746094,-7.25,51
"18",2024-01-01 17:00:00,12.7106475830078,-7.25,51
"19",2024-01-01 18:00:00,15.6737213134766,-7.25,51
"20",2024-01-01 19:00:00,19.3785095214844,-7.25,51
"21",2024-01-01 20:00:00,18.2480010986328,-7.25,51
"22",2024-01-01 21:00:00,17.5882415771484,-7.25,51
"23",2024-01-01 22:00:00,16.3362274169922,-7.25,51
"24",2024-01-01 23:00:00,15.5365295410156,-7.25,51
"25",2024-01-02,14.6868896484375,-7.25,51
"26",2024-01-02 01:00:00,13.0549468994141,-7.25,51
"27",2024-01-02 02:00:00,11.9276580810547,-7.25,51
"28",2024-01-02 03:00:00,10.3289337158203,-7.25,51
"29",2024-01-02 04:00:00,8.926513671875,-7.25,51
"30",2024-01-02 05:00:00,5.3509521484375,-7.25,51
"31",2024-01-02 06:00:00,-0.0592193603515625,-7.25,51
"32",2024-01-02 07:00:00,-0.726409912109375,-7.25,51
"33",2024-01-02 08:00:00,7.20100402832031,-7.25,51
"34",2024-01-02 09:00:00,11.8843841552734,-7.25,51
"35",2024-01-02 10:00:00,19.9313354492188,-7.25,51
"36",2024-01-02 11:00:00,17.3814392089844,-7.25,51
"37",2024-01-02 12:00:00,17.2864074707031,-7.25,51
"38",2024-01-02 13:00:00,18.8364410400391,-7.25,51
"39",2024-01-02 14:00:00,18.3643646240234,-7.25,51
"40",2024-01-02 15:00:00,17.5210113525391,-7.25,51
"41",2024-01-02 16:00:00,17.1076507568359,-7.25,51
"42",2024-01-02 17:00:00,17.1426086425781,-7.25,51
"43",2024-01-02 18:00:00,16.7228088378906,-7.25,51
"44",2024-01-02 19:00:00,15.9294738769531,-7.25,51
"45",2024-01-02 20:00:00,15.0864868164062,-7.25,51
"46",2024-01-02 21:00:00,14.3177642822266,-7.25,51
"47",2024-01-02 22:00:00,13.5948181152344,-7.25,51
"48",2024-01-02 23:00:00,15.4169311523438,-7.25,51
"49",2024-01-03,16.4606170654297,-7.25,51
"50",2024-01-03 01:00:00,16.4964904785156,-7.25,51
"51",2024-01-03 02:00:00,16.7398681640625,-7.25,51
"52",2024-01-03 03:00:00,15.8936004638672,-7.25,51
"53",2024-01-03 04:00:00,15.6989288330078,-7.25,51
"54",2024-01-03 05:00:00,15.3823089599609,-7.25,51
"55",2024-01-03 06:00:00,14.0904998779297,-7.25,51
"56",2024-01-03 07:00:00,14.3050689697266,-7.25,51
"57",2024-01-03 08:00:00,14.4652404785156,-7.25,51
"58",2024-01-03 09:00:00,14.6240234375,-7.25,51
"59",2024-01-03 10:00:00,14.9573516845703,-7.25,51
"60",2024-01-03 11:00:00,15.9465179443359,-7.25,51
"61",2024-01-03 12:00:00,16.1841278076172,-7.25,51
"62",2024-01-03 13:00:00,16.6996002197266,-7.25,51
"63",2024-01-03 14:00:00,16.5285797119141,-7.25,51
"64",2024-01-03 15:00:00,16.5938720703125,-7.25,51
"65",2024-01-03 16:00:00,16.8106689453125,-7.25,51
"66",2024-01-03 17:00:00,17.5482482910156,-7.25,51
"67",2024-01-03 18:00:00,17.3901824951172,-7.25,51
"68",2024-01-03 19:00:00,16.7413635253906,-7.25,51
"69",2024-01-03 20:00:00,16.6615600585938,-7.25,51
"70",2024-01-03 21:00:00,15.93505859375,-7.25,51
"71",2024-01-03 22:00:00,14.6965026855469,-7.25,51
"72",2024-01-03 23:00:00,14.2917022705078,-7.25,51
"73",2024-01-04,13.4573211669922,-7.25,51
"74",2024-01-04 01:00:00,13.2254333496094,-7.25,51
"75",2024-01-04 02:00:00,11.7548828125,-7.25,51
"76",2024-01-04 03:00:00,10.2310791015625,-7.25,51
"77",2024-01-04 04:00:00,8.58491516113281,-7.25,51
"78",2024-01-04 05:00:00,6.6328125,-7.25,51
"79",2024-01-04 06:00:00,5.29318237304688,-7.25,51
"80",2024-01-04 07:00:00,3.80572509765625,-7.25,51
"81",2024-01-04 08:00:00,2.45205688476562,-7.25,51
"82",2024-01-04 09:00:00,1.42562866210938,-7.25,51
"83",2024-01-04 10:00:00,0.515533447265625,-7.25,51
"84",2024-01-04 11:00:00,0.546722412109375,-7.25,51
"85",2024-01-04 12:00:00,1.44842529296875,-7.25,51
"86",2024-01-04 13:00:00,2.47659301757812,-7.25,51
"87",2024-01-04 14:00:00,3.60455322265625,-7.25,51
"88",2024-01-04 15:00:00,4.71406555175781,-7.25,51
"89",2024-01-04 16:00:00,5.75262451171875,-7.25,51
"90",2024-01-04 17:00:00,6.30210876464844,-7.25,51
"91",2024-01-04 18:00:00,6.47792053222656,-7.25,51
"92",2024-01-04 19:00:00,6.79295349121094,-7.25,51
"93",2024-01-04 20:00:00,7.09660339355469,-7.25,51
"94",2024-01-04 21:00:00,7.32183837890625,-7.25,51
"95",2024-01-04 22:00:00,8.24649047851562,-7.25,51
"96",2024-01-04 23:00:00,7.98362731933594,-7.25,51
"97",2024-01-05,7.97105407714844,-7.25,51
"98",2024-01-05 01:00:00,6.86894226074219,-7.25,51
"99",2024-01-05 02:00:00,5.57154846191406,-7.25,51
"100",2024-01-05 03:00:00,4.76908874511719,-7.25,51
"101",2024-01-05 04:00:00,4.81184387207031,-7.25,51
"102",2024-01-05 05:00:00,5.21041870117188,-7.25,51
"103",2024-01-05 06:00:00,5.267822265625,-7.25,51
"104",2024-01-05 07:00:00,5.06593322753906,-7.25,51
"105",2024-01-05 08:00:00,4.91865539550781,-7.25,51
"106",2024-01-05 09:00:00,5.10684204101562,-7.25,51
"107",2024-01-05 10:00:00,6.08578491210938,-7.25,51
"108",2024-01-05 11:00:00,5.7843017578125,-7.25,51
"109",2024-01-05 12:00:00,5.37785339355469,-7.25,51
"110",2024-01-05 13:00:00,5.03591918945312,-7.25,51
"111",2024-01-05 14:00:00,4.92988586425781,-7.25,51
"112",2024-01-05 15:00:00,4.97355651855469,-7.25,51
"113",2024-01-05 16:00:00,4.73747253417969,-7.25,51
"114",2024-01-05 17:00:00,4.91677856445312,-7.25,51
"115",2024-01-05 18:00:00,5.50234985351562,-7.25,51
"116",2024-01-05 19:00:00,5.47309875488281,-7.25,51
"117",2024-01-05 20:00:00,5.34599304199219,-7.25,51
"118",2024-01-05 21:00:00,5.28465270996094,-7.25,51
"119",2024-01-05 22:00:00,4.99525451660156,-7.25,51
"120",2024-01-05 23:00:00,4.70590209960938,-7.25,51
"121",2024-01-06,5.13394165039062,-7.25,51
"122",2024-01-06 01:00:00,5.47743225097656,-7.25,51
"123",2024-01-06 02:00:00,5.50920104980469,-7.25,51
"124",2024-01-06 03:00:00,5.1851806640625,-7.25,51
"125",2024-01-06 04:00:00,4.92141723632812,-7.25,51
"126",2024-01-06 05:00:00,4.9964599609375,-7.25,51
"127",2024-01-06 06:00:00,4.98623657226562,-7.25,51
"128",2024-01-06 07:00:00,4.42242431640625,-7.25,51
"129",2024-01-06 08:00:00,3.6094970703125,-7.25,51
"130",2024-01-06 09:00:00,2.857666015625,-7.25,51
"131",2024-01-06 10:00:00,2.89854431152344,-7.25,51
"132",2024-01-06 11:00:00,2.84184265136719,-7.25,51
"133",2024-01-06 12:00:00,2.84893798828125,-7.25,51
"134",2024-01-06 13:00:00,2.59689331054688,-7.25,51
"135",2024-01-06 14:00:00,2.03619384765625,-7.25,51
"136",2024-01-06 15:00:00,1.55709838867188,-7.25,51
"137",2024-01-06 16:00:00,1.39056396484375,-7.25,51
"138",2024-01-06 17:00:00,1.33226013183594,-7.25,51
"139",2024-01-06 18:00:00,0.928924560546875,-7.25,51
"140",2024-01-06 19:00:00,0.313461303710938,-7.25,51
"141",2024-01-06 20:00:00,-0.256866455078125,-7.25,51
"142",2024-01-06 21:00:00,-0.744308471679688,-7.25,51
"143",2024-01-06 22:00:00,-1.18426513671875,-7.25,51
"144",2024-01-06 23:00:00,-1.10429382324219,-7.25,51
"145",2024-01-07,-1.10807800292969,-7.25,51
"146",2024-01-07 01:00:00,-1.26605224609375,-7.25,51
"147",2024-01-07 02:00:00,-1.24917602539062,-7.25,51
"148",2024-01-07 03:00:00,-1.33012390136719,-7.25,51
"149",2024-01-07 04:00:00,-1.52987670898438,-7.25,51
"150",2024-01-07 05:00:00,-1.88206481933594,-7.25,51
"151",2024-01-07 06:00:00,-2.38328552246094,-7.25,51
"152",2024-01-07 07:00:00,-2.84181213378906,-7.25,51
"153",2024-01-07 08:00:00,-3.48977661132812,-7.25,51
"154",2024-01-07 09:00:00,-4.3897705078125,-7.25,51
"155",2024-01-07 10:00:00,-4.52748107910156,-7.25,51
"156",2024-01-07 11:00:00,-4.74446105957031,-7.25,51
"157",2024-01-07 12:00:00,-4.62152099609375,-7.25,51
"158",2024-01-07 13:00:00,-4.71092224121094,-7.25,51
"159",2024-01-07 14:00:00,-4.82485961914062,-7.25,51
"160",2024-01-07 15:00:00,-4.6170654296875,-7.25,51
"161",2024-01-07 16:00:00,-4.86721801757812,-7.25,51
"162",2024-01-07 17:00:00,-5.41409301757812,-7.25,51
"163",2024-01-07 18:00:00,-6.01754760742188,-7.25,51
"164",2024-01-07 19:00:00,-6.44902038574219,-7.25,51
"165",2024-01-07 20:00:00,-6.98051452636719,-7.25,51
"166",2024-01-07 21:00:00,-7.74581909179688,-7.25,51
"167",2024-01-07 22:00:00,-7.64067077636719,-7.25,51
"168",2024-01-07 23:00:00,-7.47892761230469,-7.25,51
"169",2024-01-08,-7.8514404296875,-7.25,51
"170",2024-01-08 01:00:00,-8.15206909179688,-7.25,51
"171",2024-01-08 02:00:00,-8.39674377441406,-7.25,51
"172",2024-01-08 03:00:00,-8.80763244628906,-7.25,51
"173",2024-01-08 04:00:00,-9.18803405761719,-7.25,51
"174",2024-01-08 05:00:00,-9.76679992675781,-7.25,51
"175",2024-01-08 06:00:00,-10.4907531738281,-7.25,51
"176",2024-01-08 07:00:00,-10.9900360107422,-7.25,51
"177",2024-01-08 08:00:00,-11.3380126953125,-7.25,51
"178",2024-01-08 09:00:00,-11.6425933837891,-7.25,51
"179",2024-01-08 10:00:00,-11.1030731201172,-7.25,51
"180",2024-01-08 11:00:00,-10.5213317871094,-7.25,51
"181",2024-01-08 12:00:00,-10.6224060058594,-7.25,51
"182",2024-01-08 13:00:00,-10.8961181640625,-7.25,51
"183",2024-01-08 14:00:00,-11.6504669189453,-7.25,51
"184",2024-01-08 15:00:00,-12.4250793457031,-7.25,51
"185",2024-01-08 16:00:00,-12.4952392578125,-7.25,51
"186",2024-01-08 17:00:00,-12.5806121826172,-7.25,51
"187",2024-01-08 18:00:00,-12.6543426513672,-7.25,51
"188",2024-01-08 19:00:00,-12.4775543212891,-7.25,51
"189",2024-01-08 20:00:00,-12.6348571777344,-7.25,51
"190",2024-01-08 21:00:00,-12.8471221923828,-7.25,51
"191",2024-01-08 22:00:00,-13.6288452148438,-7.25,51
"192",2024-01-08 23:00:00,-12.3579864501953,-7.25,51
"193",2024-01-09,-11.4909057617188,-7.25,51
"194",2024-01-09 01:00:00,-11.2278900146484,-7.25,51
"195",2024-01-09 02:00:00,-11.03515625,-7.25,51
"196",2024-01-09 03:00:00,-10.7709045410156,-7.25,51
"197",2024-01-09 04:00:00,-10.6148071289062,-7.25,51
"198",2024-01-09 05:00:00,-10.1616363525391,-7.25,51
"199",2024-01-09 06:00:00,-9.67835998535156,-7.25,51
"200",2024-01-09 07:00:00,-9.58537292480469,-7.25,51
"201",2024-01-09 08:00:00,-9.43751525878906,-7.25,51
"202",2024-01-09 09:00:00,-9.72987365722656,-7.25,51
"203",2024-01-09 10:00:00,-9.36129760742188,-7.25,51
"204",2024-01-09 11:00:00,-10.3765411376953,-7.25,51
"205",2024-01-09 12:00:00,-11.0364532470703,-7.25,51
"206",2024-01-09 13:00:00,-10.9460601806641,-7.25,51
"207",2024-01-09 14:00:00,-10.9212646484375,-7.25,51
"208",2024-01-09 15:00:00,-11.5538787841797,-7.25,51
"209",2024-01-09 16:00:00,-11.5721893310547,-7.25,51
"210",2024-01-09 17:00:00,-11.3496551513672,-7.25,51
"211",2024-01-09 18:00:00,-11.8578186035156,-7.25,51
"212",2024-01-09 19:00:00,-12.1539459228516,-7.25,51
"213",2024-01-09 20:00:00,-12.3881072998047,-7.25,51
"214",2024-01-09 21:00:00,-12.0978240966797,-7.25,51
"215",2024-01-09 22:00:00,-10.7798919677734,-7.25,51
"216",2024-01-09 23:00:00,-11.8643035888672,-7.25,51
"217",2024-01-10,-11.610595703125,-7.25,51
"218",2024-01-10 01:00:00,-11.6639556884766,-7.25,51
"219",2024-01-10 02:00:00,-12.478271484375,-7.25,51
"220",2024-01-10 03:00:00,-13.2619934082031,-7.25,51
"221",2024-01-10 04:00:00,-13.3461608886719,-7.25,51
"222",2024-01-10 05:00:00,-13.5438842773438,-7.25,51
"223",2024-01-10 06:00:00,-13.5714874267578,-7.25,51
"224",2024-01-10 07:00:00,-13.5069732666016,-7.25,51
"225",2024-01-10 08:00:00,-13.0519409179688,-7.25,51
"226",2024-01-10 09:00:00,-12.4235229492188,-7.25,51
"227",2024-01-10 10:00:00,-12.5689239501953,-7.25,51
"228",2024-01-10 11:00:00,-11.6056060791016,-7.25,51
"229",2024-01-10 12:00:00,-11.0023345947266,-7.25,51
"230",2024-01-10 13:00:00,-10.2986755371094,-7.25,51
"231",2024-01-10 14:00:00,-9.46038818359375,-7.25,51
"232",2024-01-10 15:00:00,-8.9456787109375,-7.25,51
"233",2024-01-10 16:00:00,-8.41499328613281,-7.25,51
"234",2024-01-10 17:00:00,-8.31698608398438,-7.25,51
"235",2024-01-10 18:00:00,-8.81123352050781,-7.25,51
"236",2024-01-10 19:00:00,-9.09579467773438,-7.25,51
"237",2024-01-10 20:00:00,-8.98739624023438,-7.25,51
"238",2024-01-10 21:00:00,-8.89114379882812,-7.25,51
"239",2024-01-10 22:00:00,-9.49786376953125,-7.25,51
"240",2024-01-10 23:00:00,-9.16105651855469,-7.25,51
"241",2024-01-11,-9.49990844726562,-7.25,51
"242",2024-01-11 01:00:00,-9.57514953613281,-7.25,51
"243",2024-01-11 02:00:00,-9.44017028808594,-7.25,51
"244",2024-01-11 03:00:00,-10.1878509521484,-7.25,51
"245",2024-01-11 04:00:00,-10.6709442138672,-7.25,51
"246",2024-01-11 05:00:00,-10.4053802490234,-7.25,51
"247",2024-01-11 06:00:00,-10.0241546630859,-7.25,51
"248",2024-01-11 07:00:00,-9.86354064941406,-7.25,51
"249",2024-01-11 08:00:00,-9.62138366699219,-7.25,51
"250",2024-01-11 09:00:00,-9.68235778808594,-7.25,51
"251",2024-01-11 10:00:00,-9.7242431640625,-7.25,51
"252",2024-01-11 11:00:00,-9.57418823242188,-7.25,51
"253",2024-01-11 12:00:00,-9.66514587402344,-7.25,51
"254",2024-01-11 13:00:00,-9.24034118652344,-7.25,51
"255",2024-01-11 14:00:00,-8.42576599121094,-7.25,51
"256",2024-01-11 15:00:00,-8.19268798828125,-7.25,51
"257",2024-01-11 16:00:00,-8.81985473632812,-7.25,51
"258",2024-01-11 17:00:00,-9.260009765625,-7.25,51
"259",2024-01-11 18:00:00,-9.09791564941406,-7.25,51
"260",2024-01-11 19:00:00,-8.49020385742188,-7.25,51
"261",2024-01-11 20:00:00,-8.28866577148438,-7.25,51
"262",2024-01-11 21:00:00,-8.31472778320312,-7.25,51
"263",2024-01-11 22:00:00,-6.95703125,-7.25,51
"264",2024-01-11 23:00:00,-6.71237182617188,-7.25,51
"265",2024-01-12,-6.51690673828125,-7.25,51
"266",2024-01-12 01:00:00,-6.56690979003906,-7.25,51
"267",2024-01-12 02:00:00,-6.455810546875,-7.25,51
"268",2024-01-12 03:00:00,-6.3245849609375,-7.25,51
"269",2024-01-12 04:00:00,-6.33515930175781,-7.25,51
"270",2024-01-12 05:00:00,-6.54913330078125,-7.25,51
"271",2024-01-12 06:00:00,-6.93316650390625,-7.25,51
"272",2024-01-12 07:00:00,-7.26876831054688,-7.25,51
"273",2024-01-12 08:00:00,-7.28231811523438,-7.25,51
"274",2024-01-12 09:00:00,-7.18440246582031,-7.25,51
"275",2024-01-12 10:00:00,-6.96946716308594,-7.25,51
"276",2024-01-12 11:00:00,-7.21148681640625,-7.25,51
"277",2024-01-12 12:00:00,-6.88752746582031,-7.25,51
"278",2024-01-12 13:00:00,-6.43984985351562,-7.25,51
"279",2024-01-12 14:00:00,-6.20578002929688,-7.25,51
"280",2024-01-12 15:00:00,-6.09982299804688,-7.25,51
"281",2024-01-12 16:00:00,-5.8154296875,-7.25,51
"282",2024-01-12 17:00:00,-5.56045532226562,-7.25,51
"283",2024-01-12 18:00:00,-5.66943359375,-7.25,51
"284",2024-01-12 19:00:00,-6.02494812011719,-7.25,51
"285",2024-01-12 20:00:00,-6.16639709472656,-7.25,51
"286",2024-01-12 21:00:00,-6.20625305175781,-7.25,51
"287",2024-01-12 22:00:00,-5.92430114746094,-7.25,51
"288",2024-01-12 23:00:00,-6.24568176269531,-7.25,51
"289",2024-01-13,-6.74810791015625,-7.25,51
"290",2024-01-13 01:00:00,-7.12400817871094,-7.25,51
"291",2024-01-13 02:00:00,-7.44790649414062,-7.25,51
"292",2024-01-13 03:00:00,-7.43850708007812,-7.25,51
"293",2024-01-13 04:00:00,-7.13858032226562,-7.25,51
"294",2024-01-13 05:00:00,-6.69424438476562,-7.25,51
"295",2024-01-13 06:00:00,-6.46121215820312,-7.25,51
"296",2024-01-13 07:00:00,-6.38386535644531,-7.25,51
"297",2024-01-13 08:00:00,-6.8079833984375,-7.25,51
"298",2024-01-13 09:00:00,-7.14186096191406,-7.25,51
"299",2024-01-13 10:00:00,-6.61250305175781,-7.25,51
"300",2024-01-13 11:00:00,-6.32704162597656,-7.25,51
"301",2024-01-13 12:00:00,-6.16061401367188,-7.25,51
"302",2024-01-13 13:00:00,-6.18429565429688,-7.25,51
"303",2024-01-13 14:00:00,-5.99130249023438,-7.25,51
"304",2024-01-13 15:00:00,-5.52774047851562,-7.25,51
"305",2024-01-13 16:00:00,-5.26983642578125,-7.25,51
"306",2024-01-13 17:00:00,-5.33314514160156,-7.25,51
"307",2024-01-13 18:00:00,-5.12425231933594,-7.25,51
"308",2024-01-13 19:00:00,-4.92265319824219,-7.25,51
"309",2024-01-13 20:00:00,-4.91009521484375,-7.25,51
"310",2024-01-13 21:00:00,-4.91117858886719,-7.25,51
"311",2024-01-13 22:00:00,-4.43229675292969,-7.25,51
"312",2024-01-13 23:00:00,-4.16986083984375,-7.25,51
"313",2024-01-14,-3.72210693359375,-7.25,51
"314",2024-01-14 01:00:00,-3.42759704589844,-7.25,51
"315",2024-01-14 02:00:00,-2.99087524414062,-7.25,51
"316",2024-01-14 03:00:00,-2.81297302246094,-7.25,51
"317",2024-01-14 04:00:00,-2.99755859375,-7.25,51
"318",2024-01-14 05:00:00,-3.22178649902344,-7.25,51
"319",2024-01-14 06:00:00,-3.58665466308594,-7.25,51
"320",2024-01-14 07:00:00,-3.9278564453125,-7.25,51
"321",2024-01-14 08:00:00,-4.13116455078125,-7.25,51
"322",2024-01-14 09:00:00,-3.94673156738281,-7.25,51
"323",2024-01-14 10:00:00,-3.35685729980469,-7.25,51
"324",2024-01-14 11:00:00,-3.02069091796875,-7.25,51
"325",2024-01-14 12:00:00,-2.74554443359375,-7.25,51
"326",2024-01-14 13:00:00,-2.29234313964844,-7.25,51
"327",2024-01-14 14:00:00,-2.03659057617188,-7.25,51
"328",2024-01-14 15:00:00,-1.52212524414062,-7.25,51
"329",2024-01-14 16:00:00,-1.5048828125,-7.25,51
"330",2024-01-14 17:00:00,-1.98680114746094,-7.25,51
"331",2024-01-14 18:00:00,-2.65689086914062,-7.25,51
"332",2024-01-14 19:00:00,-3.25460815429688,-7.25,51
"333",2024-01-14 20:00:00,-3.76663208007812,-7.25,51
"334",2024-01-14 21:00:00,-3.68641662597656,-7.25,51
"335",2024-01-14 22:00:00,-3.60871887207031,-7.25,51
"336",2024-01-14 23:00:00,-3.15110778808594,-7.25,51
"337",2024-01-15,-2.97386169433594,-7.25,51
"338",2024-01-15 01:00:00,-2.70899963378906,-7.25,51
"339",2024-01-15 02:00:00,-2.50193786621094,-7.25,51
"340",2024-01-15 03:00:00,-2.44075012207031,-7.25,51
"341",2024-01-15 04:00:00,-2.38833618164062,-7.25,51
"342",2024-01-15 05:00:00,-2.31089782714844,-7.25,51
"343",2024-01-15 06:00:00,-2.77726745605469,-7.25,51
"344",2024-01-15 07:00:00,-3.2188720703125,-7.25,51
"345",2024-01-15 08:00:00,-3.63142395019531,-7.25,51
"346",2024-01-15 09:00:00,-4.30552673339844,-7.25,51
"347",2024-01-15 10:00:00,-5.41622924804688,-7.25,51
"348",2024-01-15 11:00:00,-5.29702758789062,-7.25,51
"349",2024-01-15 12:00:00,-4.93630981445312,-7.25,51
"350",2024-01-15 13:00:00,-4.61814880371094,-7.25,51
"351",2024-01-15 14:00:00,-4.12126159667969,-7.25,51
"352",2024-01-15 15:00:00,-3.37269592285156,-7.25,51
"353",2024-01-15 16:00:00,-2.80918884277344,-7.25,51
"354",2024-01-15 17:00:00,-2.76507568359375,-7.25,51
"355",2024-01-15 18:00:00,-2.84506225585938,-7.25,51
"356",2024-01-15 19:00:00,-2.93910217285156,-7.25,51
"357",2024-01-15 20:00:00,-2.75022888183594,-7.25,51
"358",2024-01-15 21:00:00,-2.51521301269531,-7.25,51
"359",2024-01-15 22:00:00,-2.62406921386719,-7.25,51
"360",2024-01-15 23:00:00,-2.00357055664062,-7.25,51
"361",2024-01-16,-1.98681640625,-7.25,51
"362",2024-01-16 01:00:00,-2.17747497558594,-7.25,51
"363",2024-01-16 02:00:00,-2.40739440917969,-7.25,51
"364",2024-01-16 03:00:00,-2.54753112792969,-7.25,51
"365",2024-01-16 04:00:00,-2.61416625976562,-7.25,51
"366",2024-01-16 05:00:00,-2.37318420410156,-7.25,51
"367",2024-01-16 06:00:00,-2.02864074707031,-7.25,51
"368",2024-01-16 07:00:00,-1.58250427246094,-7.25,51
"369",2024-01-16 08:00:00,-1.13243103027344,-7.25,51
"370",2024-01-16 09:00:00,-0.919692993164062,-7.25,51
"371",2024-01-16 10:00:00,0.211715698242188,-7.25,51
"372",2024-01-16 11:00:00,0.0408935546875,-7.25,51
"373",2024-01-16 12:00:00,-0.208099365234375,-7.25,51
"374",2024-01-16 13:00:00,-0.19989013671875,-7.25,51
"375",2024-01-16 14:00:00,-0.552719116210938,-7.25,51
"376",2024-01-16 15:00:00,-0.578643798828125,-7.25,51
"377",2024-01-16 16:00:00,-1.03703308105469,-7.25,51
"378",2024-01-16 17:00:00,-1.89840698242188,-7.25,51
"379",2024-01-16 18:00:00,-2.771484375,-7.25,51
"380",2024-01-16 19:00:00,-3.70777893066406,-7.25,51
"381",2024-01-16 20:00:00,-4.24595642089844,-7.25,51
"382",2024-01-16 21:00:00,-4.6949462890625,-7.25,51
"383",2024-01-16 22:00:00,-6.10942077636719,-7.25,51
"384",2024-01-16 23:00:00,-6.13217163085938,-7.25,51
"385",2024-01-17,-6.74441528320312,-7.25,51
"386",2024-01-17 01:00:00,-7.11979675292969,-7.25,51
"387",2024-01-17 02:00:00,-7.22238159179688,-7.25,51
"388",2024-01-17 03:00:00,-7.56927490234375,-7.25,51
"389",2024-01-17 04:00:00,-7.75245666503906,-7.25,51
"390",2024-01-17 05:00:00,-7.74322509765625,-7.25,51
"391",2024-01-17 06:00:00,-7.56390380859375,-7.25,51
"392",2024-01-17 07:00:00,-7.69091796875,-7.25,51
"393",2024-01-17 08:00:00,-7.89039611816406,-7.25,51
"394",2024-01-17 09:00:00,-8.31439208984375,-7.25,51
"395",2024-01-17 10:00:00,-8.91358947753906,-7.25,51
"396",2024-01-17 11:00:00,-8.44566345214844,-7.25,51
"397",2024-01-17 12:00:00,-8.33647155761719,-7.25,51
"398",2024-01-17 13:00:00,-7.92636108398438,-7.25,51
"399",2024-01-17 14:00:00,-7.38822937011719,-7.25,51
"400",2024-01-17 15:00:00,-6.637939453125,-7.25,51
"401",2024-01-17 16:00:00,-5.47291564941406,-7.25,51
"402",2024-01-17 17:00:00,-4.75003051757812,-7.25,51
"403",2024-01-17 18:00:00,-4.28073120117188,-7.25,51
"404",2024-01-17 19:00:00,-3.79695129394531,-7.25,51
"405",2024-01-17 20:00:00,-3.33074951171875,-7.25,51
"406",2024-01-17 21:00:00,-3.00732421875,-7.25,51
"407",2024-01-17 22:00:00,-2.6641845703125,-7.25,51
"408",2024-01-17 23:00:00,-2.55604553222656,-7.25,51
"409",2024-01-18,-1.88288879394531,-7.25,51
"410",2024-01-18 01:00:00,-1.04255676269531,-7.25,51
"411",2024-01-18 02:00:00,-0.615890502929688,-7.25,51
"412",2024-01-18 03:00:00,-0.753753662109375,-7.25,51
"413",2024-01-18 04:00:00,-0.939468383789062,-7.25,51
"414",2024-01-18 05:00:00,-0.878875732421875,-7.25,51
"415",2024-01-18 06:00:00,-0.72808837890625,-7.25,51
"416",2024-01-18 07:00:00,-0.668563842773438,-7.25,51
"417",2024-01-18 08:00:00,-0.671234130859375,-7.25,51
"418",2024-01-18 09:00:00,-0.665695190429688,-7.25,51
"419",2024-01-18 10:00:00,0.912429809570312,-7.25,51
"420",2024-01-18 11:00:00,1.12225341796875,-7.25,51
"421",2024-01-18 12:00:00,0.975982666015625,-7.25,51
"422",2024-01-18 13:00:00,0.864501953125,-7.25,51
"423",2024-01-18 14:00:00,0.716323852539062,-7.25,51
"424",2024-01-18 15:00:00,0.737060546875,-7.25,51
"425",2024-01-18 16:00:00,0.919723510742188,-7.25,51
"426",2024-01-18 17:00:00,0.972152709960938,-7.25,51
"427",2024-01-18 18:00:00,1.00447082519531,-7.25,51
"428",2024-01-18 19:00:00,0.98480224609375,-7.25,51
"429",2024-01-18 20:00:00,0.850814819335938,-7.25,51
"430",2024-01-18 21:00:00,0.792495727539062,-7.25,51
"431",2024-01-18 22:00:00,1.34979248046875,-7.25,51
"432",2024-01-18 23:00:00,1.44313049316406,-7.25,51
"433",2024-01-19,1.68931579589844,-7.25,51
"434",2024-01-19 01:00:00,2.19502258300781,-7.25,51
"435",2024-01-19 02:00:00,2.82090759277344,-7.25,51
"436",2024-01-19 03:00:00,3.250244140625,-7.25,51
"437",2024-01-19 04:00:00,3.13723754882812,-7.25,51
"438",2024-01-19 05:00:00,3.01544189453125,-7.25,51
"439",2024-01-19 06:00:00,3.05290222167969,-7.25,51
"440",2024-01-19 07:00:00,2.82237243652344,-7.25,51
"441",2024-01-19 08:00:00,2.87980651855469,-7.25,51
"442",2024-01-19 09:00:00,3.49888610839844,-7.25,51
"443",2024-01-19 10:00:00,4.09043884277344,-7.25,51
"444",2024-01-19 11:00:00,4.08732604980469,-7.25,51
"445",2024-01-19 12:00:00,4.14453125,-7.25,51
"446",2024-01-19 13:00:00,5.19282531738281,-7.25,51
"447",2024-01-19 14:00:00,6.29727172851562,-7.25,51
"448",2024-01-19 15:00:00,5.58843994140625,-7.25,51
"449",2024-01-19 16:00:00,5.21798706054688,-7.25,51
"450",2024-01-19 17:00:00,6.12419128417969,-7.25,51
"451",2024-01-19 18:00:00,6.80870056152344,-7.25,51
"452",2024-01-19 19:00:00,7.09724426269531,-7.25,51
"453",2024-01-19 20:00:00,7.41893005371094,-7.25,51
"454",2024-01-19 21:00:00,8.18917846679688,-7.25,51
"455",2024-01-19 22:00:00,7.66171264648438,-7.25,51
"456",2024-01-19 23:00:00,8.18397521972656,-7.25,51
"457",2024-01-20,8.33049011230469,-7.25,51
"458",2024-01-20 01:00:00,9.66511535644531,-7.25,51
"459",2024-01-20 02:00:00,9.82783508300781,-7.25,51
"460",2024-01-20 03:00:00,9.28569030761719,-7.25,51
"461",2024-01-20 04:00:00,9.19558715820312,-7.25,51
"462",2024-01-20 05:00:00,8.94194030761719,-7.25,51
"463",2024-01-20 06:00:00,8.04667663574219,-7.25,51
"464",2024-01-20 07:00:00,7.53688049316406,-7.25,51
"465",2024-01-20 08:00:00,8.64834594726562,-7.25,51
"466",2024-01-20 09:00:00,7.84101867675781,-7.25,51
"467",2024-01-20 10:00:00,7.66902160644531,-7.25,51
"468",2024-01-20 11:00:00,7.296630859375,-7.25,51
"469",2024-01-20 12:00:00,6.28526306152344,-7.25,51
"470",2024-01-20 13:00:00,5.19749450683594,-7.25,51
"471",2024-01-20 14:00:00,4.81623840332031,-7.25,51
"472",2024-01-20 15:00:00,5.76588439941406,-7.25,51
"473",2024-01-20 16:00:00,3.01104736328125,-7.25,51
"474",2024-01-20 17:00:00,3.51057434082031,-7.25,51
"475",2024-01-20 18:00:00,2.44389343261719,-7.25,51
"476",2024-01-20 19:00:00,2.97714233398438,-7.25,51
"477",2024-01-20 20:00:00,4.18478393554688,-7.25,51
"478",2024-01-20 21:00:00,7.92495727539062,-7.25,51
"479",2024-01-20 22:00:00,11.0871124267578,-7.25,51
"480",2024-01-20 23:00:00,12.4609222412109,-7.25,51
"481",2024-01-21,13.1401672363281,-7.25,51
"482",2024-01-21 01:00:00,13.5132293701172,-7.25,51
"483",2024-01-21 02:00:00,13.1331481933594,-7.25,51
"484",2024-01-21 03:00:00,14.3874816894531,-7.25,51
"485",2024-01-21 04:00:00,14.9049377441406,-7.25,51
"486",2024-01-21 05:00:00,13.6440124511719,-7.25,51
"487",2024-01-21 06:00:00,12.0291595458984,-7.25,51
"488",2024-01-21 07:00:00,12.6598510742188,-7.25,51
"489",2024-01-21 08:00:00,12.7059783935547,-7.25,51
"490",2024-01-21 09:00:00,12.833984375,-7.25,51
"491",2024-01-21 10:00:00,13.5533142089844,-7.25,51
"492",2024-01-21 11:00:00,14.0835266113281,-7.25,51
"493",2024-01-21 12:00:00,14.9972381591797,-7.25,51
"494",2024-01-21 13:00:00,15.4144592285156,-7.25,51
"495",2024-01-21 14:00:00,15.5208740234375,-7.25,51
"496",2024-01-21 15:00:00,15.0295867919922,-7.25,51
"497",2024-01-21 16:00:00,15.2910766601562,-7.25,51
"498",2024-01-21 17:00:00,17.2698669433594,-7.25,51
"499",2024-01-21 18:00:00,17.6366882324219,-7.25,51
"500",2024-01-21 19:00:00,18.7427520751953,-7.25,51
"501",2024-01-21 20:00:00,20.7192077636719,-7.25,51
"502",2024-01-21 21:00:00,22.0712280273438,-7.25,51
"503",2024-01-21 22:00:00,22.8194427490234,-7.25,51
"504",2024-01-21 23:00:00,20.4755096435547,-7.25,51
"505",2024-01-22,18.5986022949219,-7.25,51
"506",2024-01-22 01:00:00,19.0341339111328,-7.25,51
"507",2024-01-22 02:00:00,19.0433044433594,-7.25,51
"508",2024-01-22 03:00:00,18.5628814697266,-7.25,51
"509",2024-01-22 04:00:00,19.5009307861328,-7.25,51
"510",2024-01-22 05:00:00,19.6674957275391,-7.25,51
"511",2024-01-22 06:00:00,19.2900848388672,-7.25,51
"512",2024-01-22 07:00:00,18.7412414550781,-7.25,51
"513",2024-01-22 08:00:00,18.1150970458984,-7.25,51
"514",2024-01-22 09:00:00,18.176513671875,-7.25,51
"515",2024-01-22 10:00:00,17.1900787353516,-7.25,51
"516",2024-01-22 11:00:00,18.4723815917969,-7.25,51
"517",2024-01-22 12:00:00,19.4132232666016,-7.25,51
"518",2024-01-22 13:00:00,20.4074401855469,-7.25,51
"519",2024-01-22 14:00:00,21.1432037353516,-7.25,51
"520",2024-01-22 15:00:00,20.8268127441406,-7.25,51
"521",2024-01-22 16:00:00,19.2296752929688,-7.25,51
"522",2024-01-22 17:00:00,18.7224884033203,-7.25,51
"523",2024-01-22 18:00:00,17.0404663085938,-7.25,51
"524",2024-01-22 19:00:00,15.1673431396484,-7.25,51
"525",2024-01-22 20:00:00,14.2222442626953,-7.25,51
"526",2024-01-22 21:00:00,14.7189025878906,-7.25,51
"527",2024-01-22 22:00:00,10.9665374755859,-7.25,51
"528",2024-01-22 23:00:00,9.4739990234375,-7.25,51
"529",2024-01-23,8.22738647460938,-7.25,51
"530",2024-01-23 01:00:00,7.13334655761719,-7.25,51
"531",2024-01-23 02:00:00,7.12301635742188,-7.25,51
"532",2024-01-23 03:00:00,8.10151672363281,-7.25,51
"533",2024-01-23 04:00:00,6.52662658691406,-7.25,51
"534",2024-01-23 05:00:00,6.22355651855469,-7.25,51
"535",2024-01-23 06:00:00,9.66456604003906,-7.25,51
"536",2024-01-23 07:00:00,12.2138061523438,-7.25,51
"537",2024-01-23 08:00:00,13.4966888427734,-7.25,51
"538",2024-01-23 09:00:00,14.4944000244141,-7.25,51
"539",2024-01-23 10:00:00,15.6070861816406,-7.25,51
"540",2024-01-23 11:00:00,16.6602935791016,-7.25,51
"541",2024-01-23 12:00:00,17.5146636962891,-7.25,51
"542",2024-01-23 13:00:00,17.7624816894531,-7.25,51
"543",2024-01-23 14:00:00,18.2803649902344,-7.25,51
"544",2024-01-23 15:00:00,18.2350463867188,-7.25,51
"545",2024-01-23 16:00:00,18.8713531494141,-7.25,51
"546",2024-01-23 17:00:00,19.3040924072266,-7.25,51
"547",2024-01-23 18:00:00,20.1744384765625,-7.25,51
"548",2024-01-23 19:00:00,20.7097015380859,-7.25,51
"549",2024-01-23 20:00:00,21.5032348632812,-7.25,51
"550",2024-01-23 21:00:00,22.2917785644531,-7.25,51
"551",2024-01-23 22:00:00,22.0960845947266,-7.25,51
"552",2024-01-23 23:00:00,21.5814361572266,-7.25,51
"553",2024-01-24,20.8821105957031,-7.25,51
"554",2024-01-24 01:00:00,20.0528259277344,-7.25,51
"555",2024-01-24 02:00:00,19.4014434814453,-7.25,51
"556",2024-01-24 03:00:00,17.9509887695312,-7.25,51
"557",2024-01-24 04:00:00,16.0691223144531,-7.25,51
"558",2024-01-24 05:00:00,14.5752563476562,-7.25,51
"559",2024-01-24 06:00:00,13.3979034423828,-7.25,51
"560",2024-01-24 07:00:00,12.3489379882812,-7.25,51
"561",2024-01-24 08:00:00,11.5721435546875,-7.25,51
"562",2024-01-24 09:00:00,10.4992980957031,-7.25,51
"563",2024-01-24 10:00:00,8.48304748535156,-7.25,51
"564",2024-01-24 11:00:00,8.00436401367188,-7.25,51
"565",2024-01-24 12:00:00,8.43568420410156,-7.25,51
"566",2024-01-24 13:00:00,7.69503784179688,-7.25,51
"567",2024-01-24 14:00:00,6.93251037597656,-7.25,51
"568",2024-01-24 15:00:00,6.14111328125,-7.25,51
"569",2024-01-24 16:00:00,5.24496459960938,-7.25,51
"570",2024-01-24 17:00:00,4.08013916015625,-7.25,51
"571",2024-01-24 18:00:00,3.01504516601562,-7.25,51
"572",2024-01-24 19:00:00,1.94369506835938,-7.25,51
"573",2024-01-24 20:00:00,0.64007568359375,-7.25,51
"574",2024-01-24 21:00:00,-0.7529296875,-7.25,51
"575",2024-01-24 22:00:00,-2.47763061523438,-7.25,51
"576",2024-01-24 23:00:00,-0.741973876953125,-7.25,51
"577",2024-01-25,4.69000244140625,-7.25,51
"578",2024-01-25 01:00:00,7.42399597167969,-7.25,51
"579",2024-01-25 02:00:00,7.45768737792969,-7.25,51
"580",2024-01-25 03:00:00,7.88569641113281,-7.25,51
"581",2024-01-25 04:00:00,8.20759582519531,-7.25,51
"582",2024-01-25 05:00:00,8.13998413085938,-7.25,51
"583",2024-01-25 06:00:00,7.03749084472656,-7.25,51
"584",2024-01-25 07:00:00,7.21267700195312,-7.25,51
"585",2024-01-25 08:00:00,8.16725158691406,-7.25,51
"586",2024-01-25 09:00:00,8.16070556640625,-7.25,51
"587",2024-01-25 10:00:00,9.112548828125,-7.25,51
"588",2024-01-25 11:00:00,9.37014770507812,-7.25,51
"589",2024-01-25 12:00:00,9.576416015625,-7.25,51
"590",2024-01-25 13:00:00,9.262451171875,-7.25,51
"591",2024-01-25 14:00:00,9.74607849121094,-7.25,51
"592",2024-01-25 15:00:00,10.1461639404297,-7.25,51
"593",2024-01-25 16:00:00,10.1842346191406,-7.25,51
"594",2024-01-25 17:00:00,10.2768707275391,-7.25,51
"595",2024-01-25 18:00:00,9.97090148925781,-7.25,51
"596",2024-01-25 19:00:00,10.9668426513672,-7.25,51
"597",2024-01-25 20:00:00,13.0119476318359,-7.25,51
"598",2024-01-25 21:00:00,14.2471313476562,-7.25,51
"599",2024-01-25 22:00:00,14.5432281494141,-7.25,51
"600",2024-01-25 23:00:00,17.9808349609375,-7.25,51
"601",2024-01-26,19.2815093994141,-7.25,51
"602",2024-01-26 01:00:00,18.2579193115234,-7.25,51
"603",2024-01-26 02:00:00,17.9966278076172,-7.25,51
"604",2024-01-26 03:00:00,15.47265625,-7.25,51
"605",2024-01-26 04:00:00,13.4383697509766,-7.25,51
"606",2024-01-26 05:00:00,12.1805419921875,-7.25,51
"607",2024-01-26 06:00:00,11.6037292480469,-7.25,51
"608",2024-01-26 07:00:00,11.2146453857422,-7.25,51
"609",2024-01-26 08:00:00,10.5780639648438,-7.25,51
"610",2024-01-26 09:00:00,10.1392822265625,-7.25,51
"611",2024-01-26 10:00:00,8.47541809082031,-7.25,51
"612",2024-01-26 11:00:00,7.91632080078125,-7.25,51
"613",2024-01-26 12:00:00,8.09671020507812,-7.25,51
"614",2024-01-26 13:00:00,8.70411682128906,-7.25,51
"615",2024-01-26 14:00:00,9.31507873535156,-7.25,51
"616",2024-01-26 15:00:00,9.82034301757812,-7.25,51
"617",2024-01-26 16:00:00,9.89553833007812,-7.25,51
"618",2024-01-26 17:00:00,9.32038879394531,-7.25,51
"619",2024-01-26 18:00:00,9.20254516601562,-7.25,51
"620",2024-01-26 19:00:00,9.00347900390625,-7.25,51
"621",2024-01-26 20:00:00,8.11399841308594,-7.25,51
"622",2024-01-26 21:00:00,7.46665954589844,-7.25,51
"623",2024-01-26 22:00:00,6.71708679199219,-7.25,51
"624",2024-01-26 23:00:00,6.03732299804688,-7.25,51
"625",2024-01-27,5.55801391601562,-7.25,51
"626",2024-01-27 01:00:00,4.65859985351562,-7.25,51
"627",2024-01-27 02:00:00,3.90956115722656,-7.25,51
"628",2024-01-27 03:00:00,4.09831237792969,-7.25,51
"629",2024-01-27 04:00:00,4.860595703125,-7.25,51
"630",2024-01-27 05:00:00,4.64533996582031,-7.25,51
"631",2024-01-27 06:00:00,4.4658203125,-7.25,51
"632",2024-01-27 07:00:00,3.56512451171875,-7.25,51
"633",2024-01-27 08:00:00,2.2320556640625,-7.25,51
"634",2024-01-27 09:00:00,1.24996948242188,-7.25,51
"635",2024-01-27 10:00:00,-0.134307861328125,-7.25,51
"636",2024-01-27 11:00:00,-0.614517211914062,-7.25,51
"637",2024-01-27 12:00:00,-0.206024169921875,-7.25,51
"638",2024-01-27 13:00:00,-0.294448852539062,-7.25,51
"639",2024-01-27 14:00:00,-1.28019714355469,-7.25,51
"640",2024-01-27 15:00:00,-1.92633056640625,-7.25,51
"641",2024-01-27 16:00:00,-1.41539001464844,-7.25,51
"642",2024-01-27 17:00:00,-0.601043701171875,-7.25,51
"643",2024-01-27 18:00:00,-0.446640014648438,-7.25,51
"644",2024-01-27 19:00:00,-0.501266479492188,-7.25,51
"645",2024-01-27 20:00:00,-0.412246704101562,-7.25,51
"646",2024-01-27 21:00:00,0.02886962890625,-7.25,51
"647",2024-01-27 22:00:00,-0.311553955078125,-7.25,51
"648",2024-01-27 23:00:00,1.45188903808594,-7.25,51
"649",2024-01-28,2.33726501464844,-7.25,51
"650",2024-01-28 01:00:00,2.13623046875,-7.25,51
"651",2024-01-28 02:00:00,1.24183654785156,-7.25,51
"652",2024-01-28 03:00:00,0.22381591796875,-7.25,51
"653",2024-01-28 04:00:00,-0.35333251953125,-7.25,51
"654",2024-01-28 05:00:00,-0.488037109375,-7.25,51
"655",2024-01-28 06:00:00,-0.391006469726562,-7.25,51
"656",2024-01-28 07:00:00,-0.296218872070312,-7.25,51
"657",2024-01-28 08:00:00,0.6707763671875,-7.25,51
"658",2024-01-28 09:00:00,1.03627014160156,-7.25,51
"659",2024-01-28 10:00:00,2.02413940429688,-7.25,51
"660",2024-01-28 11:00:00,3.07475280761719,-7.25,51
"661",2024-01-28 12:00:00,5.0174560546875,-7.25,51
"662",2024-01-28 13:00:00,7.41795349121094,-7.25,51
"663",2024-01-28 14:00:00,7.87953186035156,-7.25,51
"664",2024-01-28 15:00:00,8.17634582519531,-7.25,51
"665",2024-01-28 16:00:00,8.25564575195312,-7.25,51
"666",2024-01-28 17:00:00,7.69305419921875,-7.25,51
"667",2024-01-28 18:00:00,6.839111328125,-7.25,51
"668",2024-01-28 19:00:00,5.07614135742188,-7.25,51
"669",2024-01-28 20:00:00,3.64866638183594,-7.25,51
"670",2024-01-28 21:00:00,3.36093139648438,-7.25,51
"671",2024-01-28 22:00:00,1.76776123046875,-7.25,51
"672",2024-01-28 23:00:00,-0.125228881835938,-7.25,51
"673",2024-01-29,-1.69261169433594,-7.25,51
"674",2024-01-29 01:00:00,-3.29364013671875,-7.25,51
"675",2024-01-29 02:00:00,-4.97648620605469,-7.25,51
"676",2024-01-29 03:00:00,-5.9139404296875,-7.25,51
"677",2024-01-29 04:00:00,-6.79435729980469,-7.25,51
"678",2024-01-29 05:00:00,-5.59136962890625,-7.25,51
"679",2024-01-29 06:00:00,-3.20562744140625,-7.25,51
"680",2024-01-29 07:00:00,-3.82449340820312,-7.25,51
"681",2024-01-29 08:00:00,-5.36180114746094,-7.25,51
"682",2024-01-29 09:00:00,-5.32774353027344,-7.25,51
"683",2024-01-29 10:00:00,-5.97669982910156,-7.25,51
"684",2024-01-29 11:00:00,-4.41714477539062,-7.25,51
"685",2024-01-29 12:00:00,-3.29412841796875,-7.25,51
"686",2024-01-29 13:00:00,-2.99519348144531,-7.25,51
"687",2024-01-29 14:00:00,-2.24906921386719,-7.25,51
"688",2024-01-29 15:00:00,-0.874404907226562,-7.25,51
"689",2024-01-29 16:00:00,0.105850219726562,-7.25,51
"690",2024-01-29 17:00:00,1.16900634765625,-7.25,51
"691",2024-01-29 18:00:00,1.934814453125,-7.25,51
"692",2024-01-29 19:00:00,2.27619934082031,-7.25,51
"693",2024-01-29 20:00:00,3.17671203613281,-7.25,51
"694",2024-01-29 21:00:00,4.13970947265625,-7.25,51
"695",2024-01-29 22:00:00,5.05937194824219,-7.25,51
"696",2024-01-29 23:00:00,5.43788146972656,-7.25,51
"697",2024-01-30,4.88372802734375,-7.25,51
"698",2024-01-30 01:00:00,4.31591796875,-7.25,51
"699",2024-01-30 02:00:00,4.33827209472656,-7.25,51
"700",2024-01-30 03:00:00,4.47357177734375,-7.25,51
"701",2024-01-30 04:00:00,4.31317138671875,-7.25,51
"702",2024-01-30 05:00:00,3.81227111816406,-7.25,51
"703",2024-01-30 06:00:00,2.9676513671875,-7.25,51
"704",2024-01-30 07:00:00,2.7247314453125,-7.25,51
"705",2024-01-30 08:00:00,2.67372131347656,-7.25,51
"706",2024-01-30 09:00:00,2.4107666015625,-7.25,51
"707",2024-01-30 10:00:00,2.27496337890625,-7.25,51
"708",2024-01-30 11:00:00,2.12443542480469,-7.25,51
"709",2024-01-30 12:00:00,1.77214050292969,-7.25,51
"710",2024-01-30 13:00:00,1.10340881347656,-7.25,51
"711",2024-01-30 14:00:00,0.721405029296875,-7.25,51
"712",2024-01-30 15:00:00,1.16523742675781,-7.25,51
"713",2024-01-30 16:00:00,1.30023193359375,-7.25,51
"714",2024-01-30 17:00:00,1.28282165527344,-7.25,51
"715",2024-01-30 18:00:00,1.376953125,-7.25,51
"716",2024-01-30 19:00:00,1.5682373046875,-7.25,51
"717",2024-01-30 20:00:00,2.22532653808594,-7.25,51
"718",2024-01-30 21:00:00,2.43946838378906,-7.25,51
"719",2024-01-30 22:00:00,2.02915954589844,-7.25,51
"720",2024-01-30 23:00:00,3.093505859375,-7.25,51
"721",2024-01-31,3.6729736328125,-7.25,51
"722",2024-01-31 01:00:00,4.13774108886719,-7.25,51
"723",2024-01-31 02:00:00,5.80746459960938,-7.25,51
"724",2024-01-31 03:00:00,6.37442016601562,-7.25,51
"725",2024-01-31 04:00:00,6.24041748046875,-7.25,51
"726",2024-01-31 05:00:00,6.86012268066406,-7.25,51
"727",2024-01-31 06:00:00,7.22438049316406,-7.25,51
"728",2024-01-31 07:00:00,6.53349304199219,-7.25,51
"729",2024-01-31 08:00:00,8.93997192382812,-7.25,51
"730",2024-01-31 09:00:00,7.28012084960938,-7.25,51
"731",2024-01-31 10:00:00,9.36175537109375,-7.25,51
"732",2024-01-31 11:00:00,9.43081665039062,-7.25,51
"733",2024-01-31 12:00:00,10.0664215087891,-7.25,51
"734",2024-01-31 13:00:00,11.5235443115234,-7.25,51
"735",2024-01-31 14:00:00,13.6233673095703,-7.25,51
"736",2024-01-31 15:00:00,14.5031280517578,-7.25,51
"737",2024-01-31 16:00:00,15.0864868164062,-7.25,51
"738",2024-01-31 17:00:00,15.462890625,-7.25,51
"739",2024-01-31 18:00:00,15.3684692382812,-7.25,51
"740",2024-01-31 19:00:00,15.30712890625,-7.25,51
"741",2024-01-31 20:00:00,14.0970916748047,-7.25,51
"742",2024-01-31 21:00:00,10.6737976074219,-7.25,51
"743",2024-01-31 22:00:00,7.04856872558594,-7.25,51
"744",2024-01-31 23:00:00,4.30056762695312,-7.25,51
